url,sub_ecosystems
"https://github.com/0xhydra/hackathon-contracts",""
"https://github.com/0xinevitable/bento",""
"https://github.com/0xSBT/0xSBT-contracts",""
"https://github.com/0xSBT/0xSBT-web",""
"https://github.com/0xSBT/Extension",""
"https://github.com/aa-matthew/alphacado-2023",""
"https://github.com/aabeiji/multi-account-trading-bot",""
"https://github.com/Aaditya1273/KaiaSIPS",""
"https://github.com/Abidoyesimze/YieldCircle",""
"https://github.com/Adarsh-Dhar/kaia-social-yield",""
"https://github.com/Aether325/test-demo",""
"https://github.com/amdonatusprince/medibloc-klaytn",""
"https://github.com/automatasneo/WF",""
"https://github.com/ayo-klaytn/crosschain-oft-v2-example",""
"https://github.com/ayo-klaytn/envio-erc20-indexing-example",""
"https://github.com/ayo-klaytn/hardhat-verify-example",""
"https://github.com/ayo-klaytn/kaia-gas-abstraction-example",""
"https://github.com/ayo-klaytn/kaia-hardhat-utils-example",""
"https://github.com/ayo-klaytn/kaia-safe-api-kit",""
"https://github.com/ayo-klaytn/kaia-social-login-example",""
"https://github.com/ayo-klaytn/kaikas-caverjs-example",""
"https://github.com/ayo-klaytn/kaikas-ethersjs-example",""
"https://github.com/ayo-klaytn/kaikas-web3Onboard-example",""
"https://github.com/ayo-klaytn/particle-example",""
"https://github.com/ayo-klaytn/privy-auth-example",""
"https://github.com/ayo-klaytn/web3Auth-example",""
"https://github.com/ayo-klaytn/web3modal-authentication",""
"https://github.com/ayo-klaytn/web3modal-example",""
"https://github.com/ayo-klaytn/web3modal-sign",""
"https://github.com/Bisonai/1-shot-classification-with-reptile",""
"https://github.com/Bisonai/awesome-edge-machine-learning",""
"https://github.com/Bisonai/ccxt",""
"https://github.com/Bisonai/curve-api-historical-data",""
"https://github.com/Bisonai/data-feed-consumer",""
"https://github.com/Bisonai/datamaxi-python",""
"https://github.com/Bisonai/datamaxi-rust",""
"https://github.com/Bisonai/edgebenchmark",""
"https://github.com/Bisonai/flutter-machine-learning-security",""
"https://github.com/Bisonai/klaytn-docs",""
"https://github.com/Bisonai/mobilenetv3-tensorflow",""
"https://github.com/Bisonai/ncnn",""
"https://github.com/Bisonai/orakl",""
"https://github.com/Bisonai/orakl-config",""
"https://github.com/Bisonai/orakl-demo-binary-option",""
"https://github.com/Bisonai/orakl-demo-flip-coin",""
"https://github.com/Bisonai/orakl-demo-mystery-box",""
"https://github.com/Bisonai/orakl-docs",""
"https://github.com/Bisonai/orakl-helm-charts",""
"https://github.com/Bisonai/orakl-klaytn-dev-meet",""
"https://github.com/Bisonai/orca-api",""
"https://github.com/Bisonai/polychat",""
"https://github.com/Bisonai/pykorbit",""
"https://github.com/Bisonai/quantized-mobilenetv3-mnist-android",""
"https://github.com/Bisonai/request-response-consumer",""
"https://github.com/Bisonai/sbt-contracts",""
"https://github.com/Bisonai/sbt-js",""
"https://github.com/Bisonai/vrf-consumer",""
"https://github.com/biyard/ratel",""
"https://github.com/blockchain-project-khu/contracts",""
"https://github.com/blockcmd/dexcmd",""
"https://github.com/blockcmd/drop",""
"https://github.com/blockcmd/inspect",""
"https://github.com/blockcmd/oklink-ts",""
"https://github.com/blockcmd/oss",""
"https://github.com/BrianHuang813/GraphDe",""
"https://github.com/bug4city/lair-lsd",""
"https://github.com/buildstationorg/devtools",""
"https://github.com/buildstationorg/hq-dashboard",""
"https://github.com/buildstationorg/kaia-foundry-template",""
"https://github.com/bwarelabs/klaytn-indexing",""
"https://github.com/caelum0x/kaia-stable",""
"https://github.com/carv-protocol/carv-contracts",""
"https://github.com/carv-protocol/carv-hackathon-demo",""
"https://github.com/carv-protocol/carv-id-sdk",""
"https://github.com/carv-protocol/cdn",""
"https://github.com/carv-protocol/contracts",""
"https://github.com/carv-protocol/CosyVoice",""
"https://github.com/carv-protocol/d.a.t.a",""
"https://github.com/carv-protocol/dead-mans-switch",""
"https://github.com/carv-protocol/eliza-d.a.t.a",""
"https://github.com/carv-protocol/plugin-d.a.t.a",""
"https://github.com/carv-protocol/poop-tracker-demo",""
"https://github.com/carv-protocol/solana-oft-example",""
"https://github.com/carv-protocol/verifier",""
"https://github.com/CaviesLabs/hamsterpocket-evm-program",""
"https://github.com/chauanhtuan185/Himta",""
"https://github.com/chauanhtuan185/Kaia-Defi-Trading-Bot",""
"https://github.com/ColligenceLabs/staking-service",""
"https://github.com/CrederLabs/.github",""
"https://github.com/CrederLabs/audit",""
"https://github.com/CrederLabs/DefiLlama-Adapters",""
"https://github.com/CrederLabs/defillama-server",""
"https://github.com/CrederLabs/Gold-Collateral-Manager-Kaia",""
"https://github.com/CrederLabs/Goldstation-V3-Contracts",""
"https://github.com/CrederLabs/GoldstationDexContracts",""
"https://github.com/CrederLabs/oasis-itemswap",""
"https://github.com/CrederLabs/StanToken",""
"https://github.com/CrederLabs/url-directory",""
"https://github.com/credorelabs/sc",""
"https://github.com/Cristo-Dev/EvoLedger",""
"https://github.com/DigiGold-RWA/platform-monorepo",""
"https://github.com/doclt/landtorn-on-klaytn",""
"https://github.com/Dodecane/klaykit",""
"https://github.com/dragon-swap-klaytn/dragon-frontend",""
"https://github.com/dragon-swap-klaytn/dragon-smart-contracts",""
"https://github.com/dragon-swap-klaytn/dragon-subgraph",""
"https://github.com/elysia-dev/asset-token",""
"https://github.com/elysia-dev/betos",""
"https://github.com/elysia-dev/contract-artifacts",""
"https://github.com/elysia-dev/contract-metadata",""
"https://github.com/elysia-dev/contract-typechain",""
"https://github.com/elysia-dev/dutch",""
"https://github.com/elysia-dev/eltoken",""
"https://github.com/elysia-dev/elyfi",""
"https://github.com/elysia-dev/elyfi-governance",""
"https://github.com/elysia-dev/elyfi-stakingpool",""
"https://github.com/elysia-dev/elyfi-subgraph",""
"https://github.com/elysia-dev/elyfi-token",""
"https://github.com/elysia-dev/elyfi-v1-docs",""
"https://github.com/elysia-dev/elyfi-v1-sdk",""
"https://github.com/elysia-dev/elyfi-web",""
"https://github.com/elysia-dev/ELYIPs",""
"https://github.com/elysia-dev/elysia-korea-pf",""
"https://github.com/elysia-dev/elysia-rwa-standard",""
"https://github.com/elysia-dev/elysia-us-pf",""
"https://github.com/elysia-dev/elysia-v2-interface",""
"https://github.com/elysia-dev/erc20faucet",""
"https://github.com/elysia-dev/hazelnut",""
"https://github.com/elysia-dev/instant",""
"https://github.com/elysia-dev/kick-finance",""
"https://github.com/elysia-dev/NAPs",""
"https://github.com/elysia-dev/node-project-template",""
"https://github.com/elysia-dev/oracle",""
"https://github.com/elysia-dev/pluto-edge",""
"https://github.com/elysia-dev/pluto-legacy-web-prover",""
"https://github.com/elysia-dev/reality-eth-monorepo",""
"https://github.com/elysia-dev/stakingpool-v2",""
"https://github.com/elysia-dev/uniswap-v3-staker-subgraph",""
"https://github.com/elysia-dev/web-prover-circuits",""
"https://github.com/elysia-dev/ZKredit",""
"https://github.com/elysia-dev/zodiac-module-reality",""
"https://github.com/elyx5534/sofia-v2",""
"https://github.com/EmmanuelEklipse/Kaia-Scholar",""
"https://github.com/Emmyhack/Codar-Meeting-App",""
"https://github.com/enahha/airdrop_back",""
"https://github.com/enahha/membership_back",""
"https://github.com/enahha/metaverse_back",""
"https://github.com/Escrow-Board/klay",""
"https://github.com/everstake/.github",""
"https://github.com/everstake/actions",""
"https://github.com/everstake/aion-assets",""
"https://github.com/everstake/atom-plugin-substrate",""
"https://github.com/everstake/bip39",""
"https://github.com/everstake/casper-notifier",""
"https://github.com/everstake/chainlink-tools",""
"https://github.com/everstake/chkrootkit",""
"https://github.com/everstake/chproxy",""
"https://github.com/everstake/clickhouse",""
"https://github.com/everstake/cosmoscan-api",""
"https://github.com/everstake/cosmoscan-front",""
"https://github.com/everstake/cosmosmon",""
"https://github.com/everstake/daobet",""
"https://github.com/everstake/daobet-bp-botnotificator",""
"https://github.com/everstake/drata-agent",""
"https://github.com/everstake/edgeware_smart_contracts",""
"https://github.com/everstake/eigenlayer",""
"https://github.com/everstake/elixxir-botnotificator",""
"https://github.com/everstake/elrond-monitor-backend",""
"https://github.com/everstake/elrond-monitor-frontend",""
"https://github.com/everstake/eosmon",""
"https://github.com/everstake/eth-staking-smith",""
"https://github.com/everstake/ethereum2-notificationbot",""
"https://github.com/everstake/evepool",""
"https://github.com/everstake/eversol-spl",""
"https://github.com/everstake/eversol-ts-sdk",""
"https://github.com/everstake/everstake.github.io",""
"https://github.com/everstake/everstake_capital",""
"https://github.com/everstake/gaia",""
"https://github.com/everstake/gcp-shell-drata-setup",""
"https://github.com/everstake/go-bip39",""
"https://github.com/everstake/go-clickhouse",""
"https://github.com/everstake/goz-relayer-helper",""
"https://github.com/everstake/gpg",""
"https://github.com/everstake/harmony_bridge_backend",""
"https://github.com/everstake/harmony_bridge_ui",""
"https://github.com/everstake/harmony_smart_contracts",""
"https://github.com/everstake/i",""
"https://github.com/everstake/icon-botnotificator",""
"https://github.com/everstake/iconmon",""
"https://github.com/everstake/ignite",""
"https://github.com/everstake/iost-ide",""
"https://github.com/everstake/iostmon",""
"https://github.com/everstake/irismon",""
"https://github.com/everstake/md-dead-link-check",""
"https://github.com/everstake/metaplex-program-library",""
"https://github.com/everstake/minter",""
"https://github.com/everstake/mpl-token-metadata",""
"https://github.com/everstake/multiversx",""
"https://github.com/everstake/NEAR-Stake-Pool-Back",""
"https://github.com/everstake/NEAR-Stake-Pool-QA",""
"https://github.com/everstake/NEAR-Stake-Pool-Smart-Contract",""
"https://github.com/everstake/nebulas-notificationbot",""
"https://github.com/everstake/nebulas-tg-bot",""
"https://github.com/everstake/neo-ide",""
"https://github.com/everstake/oasis-core",""
"https://github.com/everstake/oasis-documentation",""
"https://github.com/everstake/oasis-explorer-front",""
"https://github.com/everstake/pocket-network-botnotificator",""
"https://github.com/everstake/proxymon",""
"https://github.com/everstake/questnet",""
"https://github.com/everstake/relayer",""
"https://github.com/everstake/sei-relayer",""
"https://github.com/everstake/sei-token-translator",""
"https://github.com/everstake/simple-staking",""
"https://github.com/everstake/skale-delegations-notificationbot",""
"https://github.com/everstake/solana-pools",""
"https://github.com/everstake/solana-program-library",""
"https://github.com/everstake/solana_indexer",""
"https://github.com/everstake/stader-node",""
"https://github.com/everstake/stakewars",""
"https://github.com/everstake/staking-sdk-android",""
"https://github.com/everstake/staking-sdk-ios",""
"https://github.com/everstake/staking-sdk-js",""
"https://github.com/everstake/tagger",""
"https://github.com/everstake/teztracker",""
"https://github.com/everstake/teztracker-front",""
"https://github.com/everstake/ton-helpers",""
"https://github.com/everstake/ton-validation",""
"https://github.com/everstake/vscode-plugin-substrate",""
"https://github.com/everstake/web3-rabin-dkg",""
"https://github.com/everstake/x",""
"https://github.com/everstake/xmpp-python-omemo",""
"https://github.com/ExtraCaterpiller/Petiverse-backend",""
"https://github.com/ExtraCaterpiller/Petiverse-foundry",""
"https://github.com/ExtraCaterpiller/Petiverse-frontend",""
"https://github.com/Gemstudios/About-MITA",""
"https://github.com/Gemstudios/foundation",""
"https://github.com/Gemstudios/LoM-website",""
"https://github.com/Gemstudios/passets",""
"https://github.com/GhostWarGod/dev_repos",""
"https://github.com/GhostWarGod/pub_repos",""
"https://github.com/gmgn-app/gmgn",""
"https://github.com/guzus/korea-stablecoin-hackathon",""
"https://github.com/han-um/Blot",""
"https://github.com/haxxstig/gaslite-drop-contracts",""
"https://github.com/haxxstig/gaslite-ui",""
"https://github.com/hgs-study/Klaytn-API",""
"https://github.com/ivanzrx/wonnect",""
"https://github.com/johnnyduo/taplink",""
"https://github.com/josepereza/n8n-workflows-es",""
"https://github.com/k66inthesky/KaiaDemo",""
"https://github.com/Kaia-Cards/front-end",""
"https://github.com/Kaia-Token-Creator/Kaia-Token-Creator",""
"https://github.com/kamalbuilds/10inch-frontend",""
"https://github.com/kamalbuilds/TradewithKlayNFTs",""
"https://github.com/KelvinTrinhSG/Impostor-Puzzle-Game-On-Kaia-Chain",""
"https://github.com/KimSeogyu/Klaymakers2022-Lillybox",""
"https://github.com/KlayOracle/go-ecvrf",""
"https://github.com/KlayOracle/klayoracle-docs",""
"https://github.com/KlayOracle/klayoracle-monorepo",""
"https://github.com/klaytn/3d-nft-gallery",""
"https://github.com/klaytn/aa-bundler",""
"https://github.com/klaytn/awesome-klaytn",""
"https://github.com/klaytn/bridgeregistry",""
"https://github.com/klaytn/canonical-wklay",""
"https://github.com/klaytn/caver-java",""
"https://github.com/klaytn/caver-java-examples",""
"https://github.com/klaytn/caver-js",""
"https://github.com/klaytn/caver-js-examples",""
"https://github.com/klaytn/cn-staking-contract-tests",""
"https://github.com/klaytn/config",""
"https://github.com/klaytn/contract-demo-aa",""
"https://github.com/klaytn/contract-demo-poll",""
"https://github.com/klaytn/contract-template",""
"https://github.com/klaytn/count-bapp-android",""
"https://github.com/klaytn/countbapp",""
"https://github.com/klaytn/dex-indexer-example",""
"https://github.com/klaytn/ecosystem-integration-scripts",""
"https://github.com/klaytn/enterprise_proxy",""
"https://github.com/klaytn/enterprise_proxy_lite",""
"https://github.com/klaytn/examples",""
"https://github.com/klaytn/finder",""
"https://github.com/klaytn/finder-api",""
"https://github.com/klaytn/finder-fe",""
"https://github.com/klaytn/finder-helm-chart",""
"https://github.com/klaytn/finder-infra",""
"https://github.com/klaytn/finder-spark",""
"https://github.com/klaytn/governance-contracts-audit",""
"https://github.com/klaytn/Guardian",""
"https://github.com/klaytn/hardhat-utils",""
"https://github.com/klaytn/hardhat-utils-examples",""
"https://github.com/klaytn/helm-charts",""
"https://github.com/klaytn/homebrew-klaytn",""
"https://github.com/klaytn/kaikas-tutorial",""
"https://github.com/klaytn/kaikas-web3-provider",""
"https://github.com/klaytn/kips",""
"https://github.com/klaytn/klaystagram",""
"https://github.com/klaytn/klaytn",""
"https://github.com/klaytn/klaytn-ansible",""
"https://github.com/klaytn/klaytn-contracts",""
"https://github.com/klaytn/klaytn-contracts-old",""
"https://github.com/klaytn/klaytn-dapp-bootcamp",""
"https://github.com/klaytn/klaytn-dapp-kit",""
"https://github.com/klaytn/klaytn-dapp-toolkit",""
"https://github.com/klaytn/klaytn-deploy",""
"https://github.com/klaytn/klaytn-dev-sandbox",""
"https://github.com/klaytn/klaytn-dex-contracts",""
"https://github.com/klaytn/klaytn-dex-dashboard",""
"https://github.com/klaytn/klaytn-dex-frontend",""
"https://github.com/klaytn/klaytn-dex-subgraphs",""
"https://github.com/klaytn/klaytn-docs",""
"https://github.com/klaytn/klaytn-docs-ko",""
"https://github.com/klaytn/klaytn-docs-vn",""
"https://github.com/klaytn/klaytn-faucet",""
"https://github.com/klaytn/klaytn-hackerhouse",""
"https://github.com/klaytn/klaytn-integration-tests",""
"https://github.com/klaytn/klaytn-load-tester",""
"https://github.com/klaytn/klaytn-net-intelligence-api",""
"https://github.com/klaytn/klaytn-netstats",""
"https://github.com/klaytn/klaytn-nft-minter-backend",""
"https://github.com/klaytn/klaytn-nft-minter-frontend",""
"https://github.com/klaytn/klaytn-online-toolkit",""
"https://github.com/klaytn/klaytn-reward-tester",""
"https://github.com/klaytn/klaytn-rpc-tester",""
"https://github.com/klaytn/klaytn-safe-client-gateway",""
"https://github.com/klaytn/klaytn-safe-infrastructure",""
"https://github.com/klaytn/klaytn-safe-react",""
"https://github.com/klaytn/klaytn-safe-transaction-service",""
"https://github.com/klaytn/klaytn-safe-wallet-web",""
"https://github.com/klaytn/klaytn-snap",""
"https://github.com/klaytn/klaytn-terraform",""
"https://github.com/klaytn/klaytn-tests",""
"https://github.com/klaytn/klaytn-wagmi",""
"https://github.com/klaytn/klaytn-web3modal",""
"https://github.com/klaytn/klaytnjs-monorepo",""
"https://github.com/klaytn/klaytnwallet",""
"https://github.com/klaytn/klip-web3-provider",""
"https://github.com/klaytn/local-klaytn-deploy",""
"https://github.com/klaytn/payer-express",""
"https://github.com/klaytn/project-management",""
"https://github.com/klaytn/rosetta-klaytn",""
"https://github.com/klaytn/rosetta-sdk-go-klaytn",""
"https://github.com/klaytn/servicechain-contracts",""
"https://github.com/klaytn/servicechain-deploy",""
"https://github.com/klaytn/servicechain-remote-tests",""
"https://github.com/klaytn/servicechain-value-transfer-examples",""
"https://github.com/klaytn/smart-contract-best-practices-kr",""
"https://github.com/klaytn/treasury-rebalance",""
"https://github.com/klaytn/truffle-hdwallet-provider-klaytn",""
"https://github.com/klaytn/tx-latency-measurement",""
"https://github.com/klaytn/xgo",""
"https://github.com/klaytn/zkauth-sdk",""
"https://github.com/Klayver-Team/Klayver-App",""
"https://github.com/KlayWithMe/KlayWithMe",""
"https://github.com/linkrypto/klaymaker2023_FE",""
"https://github.com/lucylow/line-yield",""
"https://github.com/lunanga486/Kaia-Burger-Rush-Game",""
"https://github.com/lyledavids/duckykaia",""
"https://github.com/lyledavids/jobjam",""
"https://github.com/maee-crypto/dashboard-cloudbase",""
"https://github.com/Masxon-Studios/Discord_CBB_Contracts",""
"https://github.com/Masxon-Studios/Discord_CBB_NFT_Minter",""
"https://github.com/Masxon-Studios/simple-klaytn-nft",""
"https://github.com/Masxon-Studios/THEKILN",""
"https://github.com/mazdakdev/Cafe3",""
"https://github.com/minminkikiki/safe-lite-wallet-web",""
"https://github.com/minminkikiki/safe-smart-contract-lite",""
"https://github.com/MintTownTech/tsubasa-john-contracts-public",""
"https://github.com/ModoriLabs/noir-web-prover-circuits",""
"https://github.com/ModoriLabs/zk-escrow",""
"https://github.com/motoko220/Diamond-3-Boilerplate",""
"https://github.com/nam2ee/HelixProtocol",""
"https://github.com/Neopin/defillama-server",""
"https://github.com/Neopin/neopin-audits",""
"https://github.com/Neopin/neopin-book",""
"https://github.com/Neopin/NeopinConnect-AOS",""
"https://github.com/Neopin/NeopinConnect-iOS",""
"https://github.com/Neopin/NeopinConnect-Unity",""
"https://github.com/Neopin/neopincw-core",""
"https://github.com/Neopin/neopincw-generator-proxy-contracts",""
"https://github.com/Neopin/neopincw-governance",""
"https://github.com/Neopin/neopincw-ibc",""
"https://github.com/Neopin/neopincw-sims",""
"https://github.com/Neopin/rust-optimizer",""
"https://github.com/NFTime24/KlayMakers23",""
"https://github.com/nhansunshine4/KaiaCert",""
"https://github.com/orth0gonal/re-lease",""
"https://github.com/PaulElisha/airdropdistribution-merkle-eip712",""
"https://github.com/PaulElisha/build-json-data",""
"https://github.com/Pepe17031/TreasureIsland",""
"https://github.com/preetsinghmakkar/TokenMaker",""
"https://github.com/procatstler/Reserve-to-save-kaia-hackathon",""
"https://github.com/qdrvm/hunter",""
"https://github.com/qdrvm/kagome",""
"https://github.com/qdrvm/kagome-llvm",""
"https://github.com/RickYoon/klaylabs_",""
"https://github.com/SaitamaCoderVN/dragon-frontend",""
"https://github.com/SaitamaCoderVN/ShitFire",""
"https://github.com/SaitamaCoderVN/ShitFire-Contract-Foundary",""
"https://github.com/SaitamaCoderVN/tele-news-crypto",""
"https://github.com/SaitamaCoderVN/TestintAlloy",""
"https://github.com/SenjaLabs/senja-ponder",""
"https://github.com/SenjaLabs/senja-web",""
"https://github.com/Sentinel-Safe/sentinel-safe-wallet",""
"https://github.com/soramitsu/1code-java",""
"https://github.com/soramitsu/1code-rust",""
"https://github.com/soramitsu/adar",""
"https://github.com/soramitsu/adar-android",""
"https://github.com/soramitsu/adar-autotests",""
"https://github.com/soramitsu/adar-iOS",""
"https://github.com/soramitsu/adar-web",""
"https://github.com/soramitsu/alertmanager-bot",""
"https://github.com/soramitsu/android-foundation",""
"https://github.com/soramitsu/ansible-plugins",""
"https://github.com/soramitsu/bitnami-docker-logstash",""
"https://github.com/soramitsu/bokolo-mobile-help",""
"https://github.com/soramitsu/bokolo-pg-help",""
"https://github.com/soramitsu/Capital-iOS",""
"https://github.com/soramitsu/cologne",""
"https://github.com/soramitsu/crypto-iOS",""
"https://github.com/soramitsu/dauth-springsecurity",""
"https://github.com/soramitsu/devops-interview-app",""
"https://github.com/soramitsu/documents-iOS",""
"https://github.com/soramitsu/dst-parser",""
"https://github.com/soramitsu/fearless-Android",""
"https://github.com/soramitsu/fearless-Android-priv",""
"https://github.com/soramitsu/fearless-giant-squid",""
"https://github.com/soramitsu/fearless-iOS",""
"https://github.com/soramitsu/fearless-polkadot",""
"https://github.com/soramitsu/fearless-starscream",""
"https://github.com/soramitsu/fearless-subquery",""
"https://github.com/soramitsu/fearless-subsquid",""
"https://github.com/soramitsu/fearless-utils",""
"https://github.com/soramitsu/fearless-utils-Android",""
"https://github.com/soramitsu/fearless-utils-iOS",""
"https://github.com/soramitsu/fearless-web",""
"https://github.com/soramitsu/fmt-subs",""
"https://github.com/soramitsu/Foundation-iOS",""
"https://github.com/soramitsu/fuhon-libarchive",""
"https://github.com/soramitsu/gradle-sora-plugin",""
"https://github.com/soramitsu/grpc-swift",""
"https://github.com/soramitsu/homebrew-iroha",""
"https://github.com/soramitsu/ios-crypto",""
"https://github.com/soramitsu/ios-ui",""
"https://github.com/soramitsu/iroha-2-docs",""
"https://github.com/soramitsu/iroha-azure",""
"https://github.com/soramitsu/iroha-counterparty",""
"https://github.com/soramitsu/iroha-demo-android",""
"https://github.com/soramitsu/iroha-demo-ios",""
"https://github.com/soramitsu/iroha-demo-javascript",""
"https://github.com/soramitsu/iroha-ed25519-sha3-java",""
"https://github.com/soramitsu/iroha-ed25519.js",""
"https://github.com/soramitsu/iroha-gateway",""
"https://github.com/soramitsu/iroha-go",""
"https://github.com/soramitsu/iroha-helpers",""
"https://github.com/soramitsu/iroha-ios-sample-app",""
"https://github.com/soramitsu/iroha-katacoda",""
"https://github.com/soramitsu/iroha-kura",""
"https://github.com/soramitsu/iroha-point-ios",""
"https://github.com/soramitsu/iroha-rfcs",""
"https://github.com/soramitsu/iroha-squash",""
"https://github.com/soramitsu/iroha-wallet",""
"https://github.com/soramitsu/iroha-wallet-js",""
"https://github.com/soramitsu/iroha2-block-explorer-backend",""
"https://github.com/soramitsu/iroha2-block-explorer-web",""
"https://github.com/soramitsu/iroha2-cargo_lints",""
"https://github.com/soramitsu/iroha2-docs-compat-matrix-service",""
"https://github.com/soramitsu/iroha2-ebpf-prototype",""
"https://github.com/soramitsu/iroha2-genesis-constructor",""
"https://github.com/soramitsu/iroha2-java-dsl",""
"https://github.com/soramitsu/iroha2-longevity-load-rs",""
"https://github.com/soramitsu/iroha2-perf",""
"https://github.com/soramitsu/iroha2-tcp-test",""
"https://github.com/soramitsu/iroha2-tools",""
"https://github.com/soramitsu/iroha2-unique_port",""
"https://github.com/soramitsu/iroha2-wasm-prototype",""
"https://github.com/soramitsu/iroha2-wsv-test",""
"https://github.com/soramitsu/iroha_mailer",""
"https://github.com/soramitsu/IrohaCrypto",""
"https://github.com/soramitsu/irohascripter",""
"https://github.com/soramitsu/java-gradle-seed",""
"https://github.com/soramitsu/java-seed-service",""
"https://github.com/soramitsu/jsonrpc",""
"https://github.com/soramitsu/kagome-autotests",""
"https://github.com/soramitsu/keystore-iOS",""
"https://github.com/soramitsu/klaytn-contracts-wizard",""
"https://github.com/soramitsu/klaytn-dex-autotests",""
"https://github.com/soramitsu/klaytn-dex-contracts",""
"https://github.com/soramitsu/klaytn-dex-dashboard",""
"https://github.com/soramitsu/klaytn-dex-multisig",""
"https://github.com/soramitsu/kubespray",""
"https://github.com/soramitsu/lds-ed25519-sha3-2018",""
"https://github.com/soramitsu/libp2p-grpc",""
"https://github.com/soramitsu/libp2p-sqlite-modern-cpp",""
"https://github.com/soramitsu/localized_docs",""
"https://github.com/soramitsu/magellan-android",""
"https://github.com/soramitsu/magellan-ios",""
"https://github.com/soramitsu/matterbridge",""
"https://github.com/soramitsu/nakayoshi",""
"https://github.com/soramitsu/open-banking-core-middleware",""
"https://github.com/soramitsu/polkadot-js-apps",""
"https://github.com/soramitsu/polkascan-os",""
"https://github.com/soramitsu/robinhood-ios",""
"https://github.com/soramitsu/scale",""
"https://github.com/soramitsu/scale-codec-js-library",""
"https://github.com/soramitsu/shared-features-android",""
"https://github.com/soramitsu/shared-features-ios",""
"https://github.com/soramitsu/shared-features-spm",""
"https://github.com/soramitsu/shared-features-utils",""
"https://github.com/soramitsu/sora-didresolver",""
"https://github.com/soramitsu/sora-sdk",""
"https://github.com/soramitsu/sora2-ed25519-dalek-iroha",""
"https://github.com/soramitsu/sora2-evm-contracts",""
"https://github.com/soramitsu/sora2-frame-pallets",""
"https://github.com/soramitsu/sora2-polkadot-js-apps",""
"https://github.com/soramitsu/soramitsu-chain-adapter",""
"https://github.com/soramitsu/soramitsu-email-bimi",""
"https://github.com/soramitsu/soramitsu-iroha-balancer",""
"https://github.com/soramitsu/soramitsu-js-ui-library",""
"https://github.com/soramitsu/soramitsu-libsecp256k1",""
"https://github.com/soramitsu/soramitsu-libsecp256k1-archive",""
"https://github.com/soramitsu/soramitsu-sonarqube-community-branch-plugin",""
"https://github.com/soramitsu/soramitsu-sr25519-crust",""
"https://github.com/soramitsu/soramitsu-tangem-pin-replacer",""
"https://github.com/soramitsu/soramitsu-UIkit-android",""
"https://github.com/soramitsu/soranet-dashboard-web",""
"https://github.com/soramitsu/soranet-eth",""
"https://github.com/soramitsu/soranet-validator",""
"https://github.com/soramitsu/SoraStatistics",""
"https://github.com/soramitsu/SSFSpecs",""
"https://github.com/soramitsu/stakepad-contracts",""
"https://github.com/soramitsu/stakepad-frontend",""
"https://github.com/soramitsu/stakepad-subgraphs",""
"https://github.com/soramitsu/substrate-ios-sdk",""
"https://github.com/soramitsu/substrate-sdk",""
"https://github.com/soramitsu/sumeragi",""
"https://github.com/soramitsu/terraform-aws-github-runner",""
"https://github.com/soramitsu/tic-tac-toe-arbitrator-client",""
"https://github.com/soramitsu/tic-tac-toe-player-client",""
"https://github.com/soramitsu/ubuntu1804-CIS",""
"https://github.com/soramitsu/UIkit-iOS",""
"https://github.com/soramitsu/ursa_key_utils",""
"https://github.com/soramitsu/vue-kakuyaku",""
"https://github.com/soramitsu/wbps-web",""
"https://github.com/soramitsu/web3-swift",""
"https://github.com/soramitsu/x-crypto",""
"https://github.com/soramitsu/x-networking",""
"https://github.com/soramitsu/x-networking-old",""
"https://github.com/soramitsu/yozhik",""
"https://github.com/Steemhunt/account-claimer",""
"https://github.com/Steemhunt/airdrop-whitelist",""
"https://github.com/Steemhunt/audit-hunt",""
"https://github.com/Steemhunt/browser-extension",""
"https://github.com/Steemhunt/dixel-contract",""
"https://github.com/Steemhunt/dixel-lottery",""
"https://github.com/Steemhunt/dixel-pixoo",""
"https://github.com/Steemhunt/dixel-v2-contract",""
"https://github.com/Steemhunt/esbuild-plugin-import-glob",""
"https://github.com/Steemhunt/ethglobal-hackathon",""
"https://github.com/Steemhunt/filebase-js",""
"https://github.com/Steemhunt/gif-to-mp4-lamda",""
"https://github.com/Steemhunt/graph-test",""
"https://github.com/Steemhunt/HUNT-ERC20",""
"https://github.com/Steemhunt/hunt-town",""
"https://github.com/Steemhunt/image-server",""
"https://github.com/Steemhunt/mint-terminal",""
"https://github.com/Steemhunt/mint.club-contract",""
"https://github.com/Steemhunt/mint.club-sdk",""
"https://github.com/Steemhunt/mint.club-sdk-example",""
"https://github.com/Steemhunt/mint.club-v2-contract",""
"https://github.com/Steemhunt/mint.club-v2-sdk",""
"https://github.com/Steemhunt/neverlose.money-binance-hackathon",""
"https://github.com/Steemhunt/neverlose.money-contract",""
"https://github.com/Steemhunt/nomadtask-tutorial",""
"https://github.com/Steemhunt/otc-web",""
"https://github.com/Steemhunt/prerender",""
"https://github.com/Steemhunt/pricefeed",""
"https://github.com/Steemhunt/radiator",""
"https://github.com/Steemhunt/rainbow-assets",""
"https://github.com/Steemhunt/rainbow-assets-mint",""
"https://github.com/Steemhunt/rainbowkit",""
"https://github.com/Steemhunt/resource",""
"https://github.com/Steemhunt/reviewhunt-pre",""
"https://github.com/Steemhunt/reviewhunt-web",""
"https://github.com/Steemhunt/ruby-eth",""
"https://github.com/Steemhunt/ssl-checker",""
"https://github.com/Steemhunt/steem",""
"https://github.com/Steemhunt/temporary-email-blacklist",""
"https://github.com/Steemhunt/testfly-tutorials",""
"https://github.com/Steemhunt/token-website",""
"https://github.com/Steemhunt/tokenAssets",""
"https://github.com/Steemhunt/tvhunt-web",""
"https://github.com/Steemhunt/wallet-client",""
"https://github.com/Steemhunt/wallet-web",""
"https://github.com/Steemhunt/web",""
"https://github.com/Steemhunt/web3-events",""
"https://github.com/Steemhunt/whitelist",""
"https://github.com/subquery/acala-evm-starter",""
"https://github.com/subquery/acala-subql-starter",""
"https://github.com/subquery/airdrop-nft-gift-backend",""
"https://github.com/subquery/algorand-subql-dictionary",""
"https://github.com/subquery/algorand-subql-starter",""
"https://github.com/subquery/avalanche-dictionary",""
"https://github.com/subquery/avalanche-subql-starter",""
"https://github.com/subquery/base-docs",""
"https://github.com/subquery/celo-docs",""
"https://github.com/subquery/chatbot-ui",""
"https://github.com/subquery/cheqd-identity-docs",""
"https://github.com/subquery/clover-subql-starter",""
"https://github.com/subquery/common-api",""
"https://github.com/subquery/common-api-polkadot",""
"https://github.com/subquery/community",""
"https://github.com/subquery/concordium-subql-starter",""
"https://github.com/subquery/consumer-host-api",""
"https://github.com/subquery/cosmjs",""
"https://github.com/subquery/cosmos-developer-portal",""
"https://github.com/subquery/cosmos-subql-dictionaries",""
"https://github.com/subquery/cosmos-subql-starter",""
"https://github.com/subquery/data-node-go-ethereum",""
"https://github.com/subquery/datasource-processors",""
"https://github.com/subquery/dictionary-projects",""
"https://github.com/subquery/documentation",""
"https://github.com/subquery/docusaurus-kava",""
"https://github.com/subquery/ethereum-subql-dictionaries",""
"https://github.com/subquery/ethereum-subql-starter",""
"https://github.com/subquery/faucet-bot",""
"https://github.com/subquery/flare-subql-dictionary",""
"https://github.com/subquery/go-ethereum",""
"https://github.com/subquery/go-subql-substrate-dictionary",""
"https://github.com/subquery/indexer-admin",""
"https://github.com/subquery/indexer-proxy",""
"https://github.com/subquery/indexer-services",""
"https://github.com/subquery/indexer-ssl-proxy",""
"https://github.com/subquery/irishub",""
"https://github.com/subquery/leaderboard",""
"https://github.com/subquery/manta-docs",""
"https://github.com/subquery/mech",""
"https://github.com/subquery/merkle-mountain-range",""
"https://github.com/subquery/moonbeam-dictionary",""
"https://github.com/subquery/moonbeam-subql-starter",""
"https://github.com/subquery/network-airdrop-app",""
"https://github.com/subquery/network-airdrop-subql",""
"https://github.com/subquery/network-app",""
"https://github.com/subquery/network-app-backend",""
"https://github.com/subquery/network-auth-service",""
"https://github.com/subquery/network-bootstrap",""
"https://github.com/subquery/network-clients",""
"https://github.com/subquery/network-contracts",""
"https://github.com/subquery/network-gateway-service",""
"https://github.com/subquery/network-indexer-services",""
"https://github.com/subquery/network-relay",""
"https://github.com/subquery/network-vesting-subql",""
"https://github.com/subquery/nodle-apollo-link-example",""
"https://github.com/subquery/nodle-subql-starter",""
"https://github.com/subquery/oasis-docs",""
"https://github.com/subquery/olas-mech-tool-template",""
"https://github.com/subquery/pgn-docs",""
"https://github.com/subquery/polkadot-apps",""
"https://github.com/subquery/polkadot-cached-provider",""
"https://github.com/subquery/polygon-token-bridge",""
"https://github.com/subquery/query-registry-subquery-project",""
"https://github.com/subquery/query-subgraph",""
"https://github.com/subquery/redeth-alerts",""
"https://github.com/subquery/scroll-documentation",""
"https://github.com/subquery/solana-subql-starter",""
"https://github.com/subquery/solana-takoyaki",""
"https://github.com/subquery/starknet-dictionary",""
"https://github.com/subquery/starknet-subql-starter",""
"https://github.com/subquery/stellar-subql-starter",""
"https://github.com/subquery/subql",""
"https://github.com/subquery/subql-ai-app-example",""
"https://github.com/subquery/subql-ai-app-framework",""
"https://github.com/subquery/subql-algorand",""
"https://github.com/subquery/subql-app-starter",""
"https://github.com/subquery/subql-cosmos",""
"https://github.com/subquery/subql-dictionary",""
"https://github.com/subquery/subql-example-arbitrum-winr-rewards",""
"https://github.com/subquery/subql-example-optimism-airdrop",""
"https://github.com/subquery/subql-example-sei-fuzio",""
"https://github.com/subquery/subql-examples",""
"https://github.com/subquery/subql-helloworld",""
"https://github.com/subquery/subql-init",""
"https://github.com/subquery/subql-near",""
"https://github.com/subquery/subql-starknet",""
"https://github.com/subquery/subql-starter",""
"https://github.com/subquery/subquery-example-avalanche-crabada-nft",""
"https://github.com/subquery/subquery-example-avalanche-pangolin-rewards",""
"https://github.com/subquery/subquery-example-base-faucet",""
"https://github.com/subquery/subquery-example-base-nft",""
"https://github.com/subquery/subquery-example-bsc-mobox-rewards",""
"https://github.com/subquery/subquery-example-ens",""
"https://github.com/subquery/subquery-example-gnosis-poap",""
"https://github.com/subquery/subquery-example-gravatar",""
"https://github.com/subquery/subquery-example-polkadot-gift",""
"https://github.com/subquery/subquery-example-polygon-plasma-bridge",""
"https://github.com/subquery/subquery-network-leaderboard",""
"https://github.com/subquery/subquery-network-subql-project",""
"https://github.com/subquery/subquery-tutorials",""
"https://github.com/subquery/substrate-wasm-starter",""
"https://github.com/subquery/templates",""
"https://github.com/subquery/terra-dictionary",""
"https://github.com/subquery/terra-subql-starter",""
"https://github.com/subquery/test-files",""
"https://github.com/subquery/testing-projects",""
"https://github.com/subquery/tutorial-many-to-many",""
"https://github.com/subquery/tutorial-rmrk-nft",""
"https://github.com/subquery/tutorials-account-balances",""
"https://github.com/subquery/tutorials-account-transfer-reverse-lookups",""
"https://github.com/subquery/tutorials-account-transfers",""
"https://github.com/subquery/tutorials-block-timestamp",""
"https://github.com/subquery/tutorials-council-proposals",""
"https://github.com/subquery/tutorials-entity-relations",""
"https://github.com/subquery/tutorials-extrinsic-finalised-blocks",""
"https://github.com/subquery/tutorials-kitty-chain",""
"https://github.com/subquery/tutorials-simple-aggregation",""
"https://github.com/subquery/tutorials-simple-aggregation-with-historical",""
"https://github.com/subquery/tutorials-simple-aggregation_v2",""
"https://github.com/subquery/tutorials-sum-reward",""
"https://github.com/subquery/tutorials-validator-threshold",""
"https://github.com/subquery/ui-library",""
"https://github.com/subquery/vm2",""
"https://github.com/subquery/wasmer-jni",""
"https://github.com/subquery/x-cosmjs",""
"https://github.com/subquery/x-sequelize",""
"https://github.com/subquery/x-telescope",""
"https://github.com/Superior212/kaia-finance",""
"https://github.com/taijusanagi/soumatou",""
"https://github.com/tamago-labs/kilolend",""
"https://github.com/The-Alchemist-Project/TheAlchemist_Project_30_11_2023",""
"https://github.com/TkingsXOedition/crypto-pay",""
"https://github.com/tomosaigon/klaypal",""
"https://github.com/vadrthanh/private_key_change",""
"https://github.com/walnutwaldo/D-DALLE",""
"https://github.com/WASD3Rplay/aadex-contract",""
"https://github.com/wildanre/senja",""
"https://github.com/WuBruno/bounce",""
"https://github.com/xdao-app/xdao-evm-contracts",""
"https://github.com/XLetter/.github",""
"https://github.com/XLetter/XL-Backend",""
"https://github.com/XLetter/XL-Frontend",""
"https://github.com/XLetter/XL-SmartContract",""
"https://github.com/yappy-yum/kaia-bootcamp-June-2025",""
"https://github.com/YouJun-IWON/NFT-Card-Game",""
"https://github.com/zekaehq/uni-v2-core",""
"https://github.com/zekaehq/uni-v2-periphery",""
"https://github.com/ziptalk/Invincible_Node_Contracts",""
"https://github.com/zxstim/klaytn-fee-delegation-js",""
"https://github.com/zzeen2/Blockchain",""
"https://github.com/BeltFi/belt-contract","Belt"
"https://github.com/bluewhale-protocol/bluewhale-protocol.github.io","Bluewhale Protocol"
"https://github.com/bluewhale-protocol/bluewhale-trust","Bluewhale Protocol"
"https://github.com/claimswap/claim-content","ClaimSwap"
"https://github.com/claimswap/claimswap-audit","ClaimSwap"
"https://github.com/claimswap/claimswap-contract","ClaimSwap"
"https://github.com/claimswap/claimswap-nft-hash","ClaimSwap"
"https://github.com/claimswap/klaytn-ethers","ClaimSwap"
"https://github.com/KingdomStudiosIO/contracts","Defi Kingdoms"
"https://github.com/anyswap/AnyCall-Examples","Defi Kingdoms;Multichain (Anyswap)"
"https://github.com/anyswap/anyCall-front","Defi Kingdoms;Multichain (Anyswap)"
"https://github.com/anyswap/anyswap-api","Defi Kingdoms;Multichain (Anyswap)"
"https://github.com/anyswap/Anyswap-Audit","Defi Kingdoms;Multichain (Anyswap)"
"https://github.com/anyswap/Anyswap-bridgeList","Defi Kingdoms;Multichain (Anyswap)"
"https://github.com/anyswap/anyswap-crosschain","Defi Kingdoms;Multichain (Anyswap)"
"https://github.com/anyswap/anyswap-docs","Defi Kingdoms;Multichain (Anyswap)"
"https://github.com/anyswap/anyswap-exchange","Defi Kingdoms;Multichain (Anyswap)"
"https://github.com/anyswap/Anyswap-FAQ","Defi Kingdoms;Multichain (Anyswap)"
"https://github.com/anyswap/anyswap-frontend","Defi Kingdoms;Multichain (Anyswap)"
"https://github.com/anyswap/Anyswap-MPCNode","Defi Kingdoms;Multichain (Anyswap)"
"https://github.com/anyswap/anyswap-token","Defi Kingdoms;Multichain (Anyswap)"
"https://github.com/anyswap/anyswap-v1-core","Defi Kingdoms;Multichain (Anyswap)"
"https://github.com/anyswap/ANYToken-distribution","Defi Kingdoms;Multichain (Anyswap)"
"https://github.com/anyswap/ANYToken-locked","Defi Kingdoms;Multichain (Anyswap)"
"https://github.com/anyswap/ANYToken-stake","Defi Kingdoms;Multichain (Anyswap)"
"https://github.com/anyswap/aptos-contract","Defi Kingdoms;Multichain (Anyswap)"
"https://github.com/anyswap/Brand-assets","Defi Kingdoms;Multichain (Anyswap)"
"https://github.com/anyswap/chaindata","Defi Kingdoms;Multichain (Anyswap)"
"https://github.com/anyswap/CrossChain-Bridge","Defi Kingdoms;Multichain (Anyswap)"
"https://github.com/anyswap/CrossChain-Router","Defi Kingdoms;Multichain (Anyswap)"
"https://github.com/anyswap/CYCToken","Defi Kingdoms;Multichain (Anyswap)"
"https://github.com/anyswap/eth-phishing-detect","Defi Kingdoms;Multichain (Anyswap)"
"https://github.com/anyswap/FastMulThreshold-DSA","Defi Kingdoms;Multichain (Anyswap)"
"https://github.com/anyswap/flow-contract","Defi Kingdoms;Multichain (Anyswap)"
"https://github.com/anyswap/General-Grants-Program","Defi Kingdoms;Multichain (Anyswap)"
"https://github.com/anyswap/mBTC","Defi Kingdoms;Multichain (Anyswap)"
"https://github.com/anyswap/mpc-client","Defi Kingdoms;Multichain (Anyswap)"
"https://github.com/anyswap/MPCNode-airdrop","Defi Kingdoms;Multichain (Anyswap)"
"https://github.com/anyswap/multibridge.xyz","Defi Kingdoms;Multichain (Anyswap)"
"https://github.com/anyswap/multicall.js","Defi Kingdoms;Multichain (Anyswap)"
"https://github.com/anyswap/multichain-bridge","Defi Kingdoms;Multichain (Anyswap)"
"https://github.com/anyswap/multichain-homepage","Defi Kingdoms;Multichain (Anyswap)"
"https://github.com/anyswap/multichain-nft-offer","Defi Kingdoms;Multichain (Anyswap)"
"https://github.com/anyswap/multichain-smart-contracts","Defi Kingdoms;Multichain (Anyswap)"
"https://github.com/anyswap/Multichain-token","Defi Kingdoms;Multichain (Anyswap)"
"https://github.com/anyswap/near-contract","Defi Kingdoms;Multichain (Anyswap)"
"https://github.com/anyswap/NFT-bridge","Defi Kingdoms;Multichain (Anyswap)"
"https://github.com/anyswap/nitro-toolkit","Defi Kingdoms;Multichain (Anyswap)"
"https://github.com/anyswap/priceFeed","Defi Kingdoms;Multichain (Anyswap)"
"https://github.com/anyswap/router-solana-contract","Defi Kingdoms;Multichain (Anyswap)"
"https://github.com/anyswap/SecureToolkit","Defi Kingdoms;Multichain (Anyswap)"
"https://github.com/anyswap/smpc-tools","Defi Kingdoms;Multichain (Anyswap)"
"https://github.com/anyswap/snapshot-spaces","Defi Kingdoms;Multichain (Anyswap)"
"https://github.com/anyswap/veMULTI","Defi Kingdoms;Multichain (Anyswap)"
"https://github.com/thesixnetwork/aries-framework-dotnet","Definix"
"https://github.com/thesixnetwork/aws-android-sdk-cognitoidentityprovider","Definix"
"https://github.com/thesixnetwork/aws-eks-fabric","Definix"
"https://github.com/thesixnetwork/aws-sdk-android","Definix"
"https://github.com/thesixnetwork/bitquery-tools","Definix"
"https://github.com/thesixnetwork/blockscout","Definix"
"https://github.com/thesixnetwork/blockscout-frontend","Definix"
"https://github.com/thesixnetwork/blockscout-frontend-configs","Definix"
"https://github.com/thesixnetwork/BounceBit-App-Store","Definix"
"https://github.com/thesixnetwork/business","Definix"
"https://github.com/thesixnetwork/caver-js","Definix"
"https://github.com/thesixnetwork/caverjs-react","Definix"
"https://github.com/thesixnetwork/chain-info","Definix"
"https://github.com/thesixnetwork/chain-registry","Definix"
"https://github.com/thesixnetwork/chainlink","Definix"
"https://github.com/thesixnetwork/chains-list","Definix"
"https://github.com/thesixnetwork/chat-server-cookbooks","Definix"
"https://github.com/thesixnetwork/cli","Definix"
"https://github.com/thesixnetwork/cosmos-sdk","Definix"
"https://github.com/thesixnetwork/cross-dev-contract","Definix"
"https://github.com/thesixnetwork/cw-nfts","Definix"
"https://github.com/thesixnetwork/definix-audit","Definix"
"https://github.com/thesixnetwork/definix-farm","Definix"
"https://github.com/thesixnetwork/definix-frontend","Definix"
"https://github.com/thesixnetwork/definix-swap-core","Definix"
"https://github.com/thesixnetwork/definix-swap-interface","Definix"
"https://github.com/thesixnetwork/definix-swap-periphery","Definix"
"https://github.com/thesixnetwork/definix-uikit","Definix"
"https://github.com/thesixnetwork/definixswap-sdk","Definix"
"https://github.com/thesixnetwork/docs","Definix"
"https://github.com/thesixnetwork/echo-sdk-python","Definix"
"https://github.com/thesixnetwork/ethermint","Definix"
"https://github.com/thesixnetwork/ethers.js","Definix"
"https://github.com/thesixnetwork/evm","Definix"
"https://github.com/thesixnetwork/example_webview","Definix"
"https://github.com/thesixnetwork/Gen2-Instruction","Definix"
"https://github.com/thesixnetwork/gen2-schema-studio","Definix"
"https://github.com/thesixnetwork/GEN2-studio","Definix"
"https://github.com/thesixnetwork/go-ethereum","Definix"
"https://github.com/thesixnetwork/graphic","Definix"
"https://github.com/thesixnetwork/Gravity-Bridge","Definix"
"https://github.com/thesixnetwork/keplr-chain-registry","Definix"
"https://github.com/thesixnetwork/keplr-wallet","Definix"
"https://github.com/thesixnetwork/klaytn-smartcontract","Definix"
"https://github.com/thesixnetwork/klaytn-use-wallet","Definix"
"https://github.com/thesixnetwork/multicall3","Definix"
"https://github.com/thesixnetwork/precompile","Definix"
"https://github.com/thesixnetwork/public-images","Definix"
"https://github.com/thesixnetwork/react-native-copilot","Definix"
"https://github.com/thesixnetwork/react-native-root-toast","Definix"
"https://github.com/thesixnetwork/sacc","Definix"
"https://github.com/thesixnetwork/six-dashboard","Definix"
"https://github.com/thesixnetwork/six-data-chain-sdk","Definix"
"https://github.com/thesixnetwork/six-go-sdk","Definix"
"https://github.com/thesixnetwork/six-mobile-swap","Definix"
"https://github.com/thesixnetwork/six-protocol","Definix"
"https://github.com/thesixnetwork/sixchain-sdk","Definix"
"https://github.com/thesixnetwork/sixchainJS","Definix"
"https://github.com/thesixnetwork/SIXEcho","Definix"
"https://github.com/thesixnetwork/sixecho-server","Definix"
"https://github.com/thesixnetwork/sixnft","Definix"
"https://github.com/thesixnetwork/sixscan-explorer","Definix"
"https://github.com/thesixnetwork/sixscan-frontend","Definix"
"https://github.com/thesixnetwork/skandha","Definix"
"https://github.com/thesixnetwork/slips","Definix"
"https://github.com/thesixnetwork/stellarterm","Definix"
"https://github.com/dragonswap-app/comp-contracts","DragonSwap"
"https://github.com/dragonswap-app/dimension-adapters","DragonSwap"
"https://github.com/dragonswap-app/dragonswap-core","DragonSwap"
"https://github.com/dragonswap-app/dragonswap-farming","DragonSwap"
"https://github.com/dragonswap-app/predictions","DragonSwap"
"https://github.com/dragonswap-app/sei-native-oracle-adapter","DragonSwap"
"https://github.com/dragonswap-app/swap-router-contracts","DragonSwap"
"https://github.com/dragonswap-app/v2-core","DragonSwap"
"https://github.com/dragonswap-app/v2-periphery","DragonSwap"
"https://github.com/dragonswap-app/v2-staker","DragonSwap"
"https://github.com/0xinevitable/.github","Inevitable (Bento)"
"https://github.com/0xinevitable/bento-badge-contracts","Inevitable (Bento)"
"https://github.com/0xinevitable/dom-to-image-more","Inevitable (Bento)"
"https://github.com/0xinevitable/html2canvas","Inevitable (Bento)"
"https://github.com/0xinevitable/inevitable.team","Inevitable (Bento)"
"https://github.com/0xinevitable/klaytn-multicall","Inevitable (Bento)"
"https://github.com/0xinevitable/klaytn.bento.finance","Inevitable (Bento)"
"https://github.com/kaiprotocol/kaiprotocol-core","KAI Protocol"
"https://github.com/klaybank/arbitrager","KLAYBank"
"https://github.com/klaybank/ethers_klaytn","KLAYBank"
"https://github.com/klaybank/ethers_providers_klaytn","KLAYBank"
"https://github.com/klaybank/injected-connector-klaytn","KLAYBank"
"https://github.com/klaybank/klaybank-bondsale","KLAYBank"
"https://github.com/klaybank/klaybank-protocol","KLAYBank"
"https://github.com/klaybank/klaybank-stake","KLAYBank"
"https://github.com/klaybank/klaybank-ui-kit","KLAYBank"
"https://github.com/klaybank/proposal","KLAYBank"
"https://github.com/KlaySwap/KlayExchange.github.io","KlaySwap"
"https://github.com/KlaySwap/klayswap","KlaySwap"
"https://github.com/KlaySwap/klayswap-v2-smart-contracts","KlaySwap"
"https://github.com/KlaySwap/klayswap-v3-smart-contracts","KlaySwap"
"https://github.com/kokoa-finance/hardhat-deploy","Kokoa Finance"
"https://github.com/kokoa-finance/hardhat-deploy-ethers","Kokoa Finance"
"https://github.com/kokoa-finance/klaytn_ethers","Kokoa Finance"
"https://github.com/kokoa-finance/klyatn_ethers_provider","Kokoa Finance"
"https://github.com/kokoa-finance/kokoa-liquidation-guide","Kokoa Finance"
"https://github.com/kokoa-finance/kokoa.share.deployments","Kokoa Finance"
"https://github.com/kokoa-finance/kokonutswap-contract","Kokoa Finance"
"https://github.com/kokoa-finance/snowball-cli","Kokoa Finance"
"https://github.com/kokoa-finance/WKLAY10","Kokoa Finance"
"https://github.com/contxts-ai/dbt-spark","NFTBank"
"https://github.com/contxts-ai/EventStore.Charts","NFTBank"
"https://github.com/contxts-ai/node-eventstore","NFTBank"
"https://github.com/contxts-ai/python-schema-registry-client","NFTBank"
"https://github.com/contxts-ai/singer-python","NFTBank"
"https://github.com/contxts-ai/target-csv","NFTBank"
"https://github.com/contxts-ai/target-gcs","NFTBank"
"https://github.com/contxts-ai/target-parquet","NFTBank"
"https://github.com/contxts-ai/target-s3-csv","NFTBank"
"https://github.com/contxts-ai/target-s3-json","NFTBank"
"https://github.com/contxts-io/nftbank-web-frontend-reboot","NFTBank"
"https://github.com/klaytn-ozys/plug-and-klay","Ozys"
"https://github.com/klaytn-ozys/remix-plugin","Ozys"
"https://github.com/pangea-protocol/contribution-point","Pangea Swap Protocol"
"https://github.com/pangea-protocol/deferred-token","Pangea Swap Protocol"
"https://github.com/pangea-protocol/pangea-core","Pangea Swap Protocol"
"https://github.com/pangea-protocol/pangea-onchain-price-oracle","Pangea Swap Protocol"
"https://github.com/pangea-protocol/pangea-research","Pangea Swap Protocol"
"https://github.com/pangea-protocol/pangea-vesting-stone","Pangea Swap Protocol"
"https://github.com/pangea-protocol/stone-staking","Pangea Swap Protocol"
"https://github.com/stakely-protocol/audit","Stakely Protocol"
"https://github.com/stakely-protocol/stakely-core","Stakely Protocol"
"https://github.com/Swapscanner/contract-validator","SwapScanner"
"https://github.com/Swapscanner/klaystaking-core","SwapScanner"
"https://github.com/tokenbound/contracts","Tokenbound"
"https://github.com/tokenbound/docs","Tokenbound"
"https://github.com/tokenbound/iframe","Tokenbound"
"https://github.com/tokenbound/sdk","Tokenbound"
"https://github.com/tokenbound/v3-deployer","Tokenbound"
"https://github.com/dltndn/web3-delivery-system","Wemix"
"https://github.com/soloai-hub/solo-contracts","Wemix"
"https://github.com/wemixarchive/eslint-config-pnix","Wemix"
"https://github.com/wemixarchive/feedelegation-js","Wemix"
"https://github.com/wemixarchive/go-wemix","Wemix"
"https://github.com/wemixarchive/governance-contract","Wemix"
"https://github.com/wemixarchive/hive","Wemix"
"https://github.com/wemixarchive/rosetta-wemix","Wemix"
"https://github.com/wemixarchive/staking-contract","Wemix"
"https://github.com/wemixarchive/stWemix-contract","Wemix"
"https://github.com/wemixarchive/tokens","Wemix"
"https://github.com/wemixarchive/vrf-generator","Wemix"
"https://github.com/wemixarchive/wc-v3-web-examples","Wemix"
"https://github.com/wemixarchive/wemix-lending-contract","Wemix"
"https://github.com/wemixarchive/wemix-pretendard","Wemix"
"https://github.com/wemixarchive/wemix-wallet-sdk-android","Wemix"
"https://github.com/wemixarchive/wemix-wallet-sdk-ios","Wemix"
"https://github.com/wemixarchive/wemix-wallet-sdk-js","Wemix"
"https://github.com/wemixarchive/wemixDollar-contract","Wemix"
"https://github.com/wemixarchive/wepublic-contract","Wemix"
"https://github.com/wemixarchive/weswap-core-contract","Wemix"
"https://github.com/wemixarchive/weswap-periphery-contract","Wemix"
"https://github.com/wemixarchive/Wonder-staking","Wemix"
"https://github.com/wemixarchive/wwemix-contract","Wemix"
"https://github.com/wombat-exchange/defiyield-self-integrations","Wombat Exchange"
"https://github.com/wombat-exchange/paraswap-dex-lib","Wombat Exchange"
"https://github.com/wombat-exchange/token-icons","Wombat Exchange"
"https://github.com/wombat-exchange/v1-core","Wombat Exchange"
"https://github.com/wombat-exchange/yield-server","Wombat Exchange"